2011-03-02,28
2011-03-03,49
2011-03-04,39
2011-03-06,39
2011-03-08,39
2011-03-09,19
2011-03-10,19
2011-03-11,38
2011-03-12,43
2011-03-13,47
2011-03-14,13
2011-03-15,10
2011-03-16,23
2011-03-17,10
2011-03-18,41
2011-03-19,76
2011-03-20,21
2011-03-21,30
2011-03-22,40
2011-03-23,31
2011-03-24,32
2011-03-27,10
2011-04-03,19
2011-04-04,16
2011-04-05,32
2011-04-06,20
2011-04-07,30
2011-04-08,88
2011-04-09,10
2011-04-10,20
2011-04-11,38
2011-04-12,46
2011-04-13,40
2011-04-14,10
2011-04-15,60
2011-04-16,39
2011-04-17,20
2011-04-19,20
2011-04-20,30
2011-04-21,30
2011-04-22,20
2011-04-23,70
2011-04-24,32
2011-04-25,69
2011-04-26,30
2011-04-27,56
2011-04-28,49
2011-04-29,61
2011-04-30,30
2011-05-01,90
2011-05-02,70
2011-05-03,20
2011-05-04,50
2011-05-05,40
2011-05-06,70
2011-05-07,60
2011-05-08,50
2011-05-09,40
2011-05-10,40
2011-05-11,60
2011-05-12,60
2011-05-13,77
2011-05-14,60
2011-05-15,110
2011-05-16,31
2011-05-17,70
2011-05-18,30
2011-05-19,70
2011-05-20,70
2011-05-21,79
2011-05-22,100
2011-05-23,80
2011-05-24,84
2011-05-25,100
2011-05-26,50
2011-05-27,79
2011-05-28,79
2011-05-29,108
2011-05-30,70
2011-05-31,60
2011-06-01,84
2011-06-02,159
2011-06-03,110
2011-06-04,88
2011-06-05,70
2011-06-06,70
2011-06-07,70
2011-06-08,80
2011-06-09,193
2011-06-10,90
2011-06-11,80
2011-06-12,89
2011-06-13,60
2011-06-14,90
2011-06-15,100
2011-06-16,151
2011-06-17,70
2011-06-18,120
2011-06-19,60
2011-06-20,50
2011-06-21,80
2011-06-22,110
2011-06-23,90
2011-06-24,90
2011-06-25,139
2011-06-26,70
2011-06-27,130
2011-06-28,90
2011-06-29,50
2011-06-30,98
2011-07-01,100
2011-07-02,130
2011-07-03,70
2011-07-04,40
2011-07-05,60
2011-07-06,80
2011-07-07,98
2011-07-08,90
2011-07-09,59
2011-07-10,41
2011-07-11,59
2011-07-12,60
2011-07-13,80
2011-07-14,70
2011-07-15,100
2011-07-16,100
2011-07-17,90
2011-07-18,80
2011-07-19,50
2011-07-20,40
2011-07-21,68
2011-07-22,83
2011-07-23,100
2011-07-24,70
2011-07-25,85
2011-07-26,70
2011-07-27,59
2011-07-28,144
2011-07-29,347
2011-07-30,189
2011-07-31,237
2011-08-01,313
2011-08-02,497
2011-08-03,578
2011-08-04,457
2011-08-05,472
2011-08-06,432
2011-08-07,405
2011-08-08,384
2011-08-09,550
2011-08-10,577
2011-08-11,464
2011-08-12,325
2011-08-13,266
2011-08-14,200
2011-08-15,62
2011-08-16,300
2011-08-17,140
2011-08-18,179
2011-08-19,120
2011-08-20,129
2011-08-21,140
2011-08-22,89
2011-08-23,120
2011-08-24,100
2011-08-25,276
2011-08-26,345
2011-08-27,357
2011-08-28,278
2011-08-29,379
2011-08-30,489
2011-08-31,791
2011-09-01,1023
2011-09-02,1193
2011-09-03,1126
2011-09-04,1040
2011-09-05,1129
2011-09-06,1107
2011-09-07,971
2011-09-08,1018
2011-09-09,1135
2011-09-10,1224
2011-09-11,812
2011-09-12,766
2011-09-13,829
2011-09-14,741
2011-09-15,1036
2011-09-16,1695
2011-09-17,1458
2011-09-18,1319
2011-09-19,1480
2011-09-20,1508
2011-09-21,987
2011-09-22,3012
2011-09-23,4316
2011-09-24,4891
2011-09-25,4424
2011-09-26,4305
2011-09-27,4958
2011-09-28,5091
2011-09-29,5120
2011-09-30,5675
2011-10-01,6049
2011-10-02,6004
2011-10-03,5301
2011-10-04,6222
2011-10-05,5018
2011-10-06,6225
2011-10-07,7038
2011-10-08,6939
2011-10-09,5852
2011-10-10,6365
2011-10-11,6604
2011-10-12,6087
2011-10-13,5375
2011-10-14,7069
2011-10-15,7810
2011-10-16,6815
2011-10-17,6308
2011-10-18,6445
2011-10-19,6884
2011-10-20,7115
2011-10-21,7394
2011-10-22,7420
2011-10-23,6661
2011-10-24,6348
2011-10-25,6869
2011-10-26,6855
2011-10-27,6660
2011-10-28,7408
2011-10-29,6872
2011-10-30,6782
2011-10-31,6507
2011-11-01,6965
2011-11-02,9597
2011-11-03,11842
2011-11-04,13211
2011-11-05,11919
2011-11-06,11424
2011-11-07,11626
2011-11-08,14923
2011-11-09,24811
2011-11-10,29842
2011-11-11,36503
2011-11-12,37862
2011-11-13,35935
2011-11-14,36749
2011-11-15,42018
2011-11-16,48576
2011-11-17,64739
2011-11-18,102917
2011-11-19,106392
2011-11-20,89871
2011-11-21,82764
2011-11-22,94151
2011-11-23,103760
2011-11-24,118538
2011-11-25,132686
2011-11-26,103870
2011-11-27,127804
2011-11-28,128778
2011-11-29,131916
2011-11-30,160092
2011-12-01,181515
2011-12-02,244597
2011-12-03,253690
2011-12-04,212567
2011-12-05,165535
2011-12-06,170542
2011-12-07,162737
2011-12-08,241092
2011-12-09,266519
2011-12-10,288963
2011-12-11,243189
2011-12-12,233263
2011-12-13,123386
2011-12-14,225155
2011-12-15,200764
2011-12-16,246054
2011-12-17,243718
2011-12-18,209841
2011-12-19,203752
2011-12-20,212438
2011-12-21,247147
2011-12-22,239599
2011-12-23,223218
2011-12-24,224510
2011-12-25,230443
2011-12-26,217784
2011-12-27,216984
2011-12-28,227477
2011-12-29,242308
2011-12-30,179567
2011-12-31,203968
2012-01-01,255078
2012-01-02,238282
2012-01-03,186834
2012-01-04,208321
2012-01-05,249773
2012-01-06,257842
2012-01-07,260694
2012-01-08,232416
2012-01-09,229389
2012-01-10,224239
2012-01-11,226942
2012-01-12,264129
2012-01-13,304170
2012-01-14,302356
2012-01-15,264363
2012-01-16,248465
2012-01-17,241900
2012-01-18,247257
2012-01-19,275906
2012-01-20,318977
2012-01-21,314626
2012-01-22,265223
2012-01-23,256022
2012-01-24,248123
2012-01-25,229586
2012-01-26,303806
2012-01-27,341393
2012-01-28,344144
2012-01-29,294853
2012-01-30,284794
2012-01-31,279800
2012-02-01,295260
2012-02-02,283274
2012-02-03,349077
2012-02-04,345103
2012-02-05,284581
2012-02-06,271393
2012-02-07,290968
2012-02-08,292049
2012-02-09,304833
2012-02-10,337805
2012-02-11,280544
2012-02-12,293476
2012-02-13,208172
2012-02-14,2858
2012-02-15,334436
2012-02-16,342632
2012-02-17,372780
2012-02-18,361632
2012-02-19,339768
2012-02-20,302404
2012-02-21,288538
2012-02-22,329580
2012-02-23,326619
2012-02-24,372145
2012-02-25,376014
2012-02-26,320768
2012-02-27,318416
2012-02-28,306505
2012-02-29,315137
2012-03-01,346274
2012-03-02,394169
2012-03-03,398651
2012-03-04,354202
2012-03-05,355031
2012-03-06,373325
2012-03-07,378798
2012-03-08,394637
2012-03-09,423532
2012-03-10,440383
2012-03-11,371933
2012-03-12,362532
2012-03-13,341665
2012-03-14,373325
2012-03-15,396192
2012-03-16,460335
2012-03-17,475071
2012-03-18,399738
2012-03-19,398689
2012-03-20,402166
2012-03-21,433046
2012-03-22,497474
2012-03-23,611875
2012-03-24,624817
2012-03-25,529440
2012-03-26,543832
2012-03-27,470913
2012-03-28,488238
2012-03-29,604557
2012-03-30,664691
2012-03-31,682302
2012-04-01,547151
2012-04-02,553214
2012-04-03,553615
2012-04-04,580211
2012-04-05,643464
2012-04-06,637351
2012-04-07,642985
2012-04-08,588723
2012-04-09,557339
2012-04-10,553084
2012-04-11,600332
2012-04-12,614735
2012-04-13,718501
2012-04-14,755249
2012-04-15,625607
2012-04-16,624239
2012-04-17,636973
2012-04-18,673696
2012-04-19,730894
2012-04-20,824131
2012-04-21,847879
2012-04-22,708274
2012-04-23,708583
2012-04-24,702044
2012-04-25,682786
2012-04-26,730340
2012-04-27,845004
2012-04-28,751525
2012-04-29,790450
2012-04-30,800582
2012-05-01,707782
2012-05-02,702608
2012-05-03,721879
2012-05-04,838297
2012-05-05,848539
2012-05-06,709793
2012-05-07,725369
2012-05-08,701251
2012-05-09,644041
2012-05-10,676250
2012-05-11,805813
2012-05-12,819996
2012-05-13,680475
2012-05-14,587692
2012-05-15,549238
2012-05-16,546164
2012-05-17,576299
2012-05-18,640216
2012-05-19,672720
2012-05-20,569074
2012-05-21,586270
2012-05-22,591766
2012-05-23,590568
2012-05-24,653398
2012-05-25,708405
2012-05-26,741787
2012-05-27,681721
2012-05-28,680875
2012-05-29,680393
2012-05-30,683832
2012-05-31,848259
2012-06-01,979824
2012-06-02,961814
2012-06-03,831226
2012-06-04,856327
2012-06-05,725594
2012-06-06,850589
2012-06-07,869837
2012-06-08,920557
2012-06-09,934022
2012-06-10,896635
2012-06-11,966754
2012-06-12,861968
2012-06-13,897626
2012-06-14,889383
2012-06-15,947649
2012-06-16,936421
2012-06-17,803405
2012-06-18,856972
2012-06-19,853887
2012-06-20,829345
2012-06-21,907001
2012-06-22,985172
2012-06-23,996411
2012-06-24,924348
2012-06-25,903213
2012-06-26,934277
2012-06-27,933344
2012-06-28,984041
2012-06-29,1037638
2012-06-30,1083565
2012-07-01,1015828
2012-07-02,972938
2012-07-03,980950
2012-07-04,955717
2012-07-05,986497
2012-07-06,1065971
2012-07-07,1051740
2012-07-08,1002462
2012-07-09,977443
2012-07-10,980009
2012-07-11,985396
2012-07-12,963059
2012-07-13,1094234
2012-07-14,1173864
2012-07-15,1067452
2012-07-16,1069353
2012-07-17,934300
2012-07-18,1080194
2012-07-19,868943
2012-07-20,1171354
2012-07-21,1200957
2012-07-22,1112702
2012-07-23,1084515
2012-07-24,1098144
2012-07-25,1116275
2012-07-26,1147675
2012-07-27,1248743
2012-07-28,1287797
2012-07-29,1195429
2012-07-30,1147163
2012-07-31,1151850
2012-08-01,1148598
2012-08-02,1075892
2012-08-03,1213077
2012-08-04,1266587
2012-08-05,1140227
2012-08-06,1165376
2012-08-07,1151422
2012-08-08,1149715
2012-08-09,1131982
2012-08-10,1261600
2012-08-11,1271498
2012-08-12,1175396
2012-08-13,1124972
2012-08-14,1151248
2012-08-15,864152
2012-08-16,1118974
2012-08-17,1194476
2012-08-18,1277182
2012-08-19,1201978
2012-08-20,1138811
2012-08-21,1129849
2012-08-22,1139464
2012-08-23,1158492
2012-08-24,1212963
2012-08-25,1107773
2012-08-26,1037158
2012-08-27,1132609
2012-08-28,1193573
2012-08-29,1204433
2012-08-30,1095438
2012-08-31,1141892
2012-09-01,1175456
2012-09-02,1170088
2012-09-03,1210066
2012-09-04,1193190
2012-09-05,1153857
2012-09-06,1294279
2012-09-07,1485614
2012-09-08,1480703
2012-09-09,1185022
2012-09-10,1159918
2012-09-11,1176633
2012-09-12,1204537
2012-09-13,1279182
2012-09-14,1478345
2012-09-15,1508907
2012-09-16,1214506
2012-09-17,1195710
2012-09-18,1149141
2012-09-19,1210121
2012-09-20,1289962
2012-09-21,1629015
2012-09-22,1618423
2012-09-23,1321667
2012-09-24,1157824
2012-09-25,1257952
2012-09-26,1270288
2012-09-27,1358444
2012-09-28,1651227
2012-09-29,1662587
2012-09-30,1343004
2012-10-01,1314793
2012-10-02,1297862
2012-10-03,1449696
2012-10-04,1677558
2012-10-05,1936987
2012-10-06,1889717
2012-10-07,1569301
2012-10-08,1470965
2012-10-09,1483926
2012-10-10,1496242
2012-10-11,1571184
2012-10-12,1828503
2012-10-13,1813986
2012-10-14,1474041
2012-10-15,1437139
2012-10-16,1442837
2012-10-17,1423404
2012-10-18,1565982
2012-10-19,1984774
2012-10-20,2056078
2012-10-21,1736931
2012-10-22,1707636
2012-10-23,1764944
2012-10-24,1777329
2012-10-25,2056649
2012-10-26,2391997
2012-10-27,2447854
2012-10-28,1958650
2012-10-29,2018064
2012-10-30,3040901
2012-10-31,3261905
2012-11-01,3074648
2012-11-02,3043166
2012-11-03,3017032
2012-11-04,2437128
2012-11-05,2334287
2012-11-06,2278901
2012-11-07,2451913
2012-11-08,2521069
2012-11-09,3094505
2012-11-10,3161142
2012-11-11,2613839
2012-11-12,2491546
2012-11-13,2357606
2012-11-14,2411850
2012-11-15,2258161
2012-11-16,2639463
2012-11-17,2615603
2012-11-18,2128842
2012-11-19,2127805
2012-11-20,2100519
2012-11-21,2151662
2012-11-22,2318981
2012-11-23,2728671
2012-11-24,2786766
2012-11-25,2280795
2012-11-26,2236399
2012-11-27,2285338
2012-11-28,2384156
2012-11-29,2191839
2012-11-30,2649349
2012-12-01,2847972
2012-12-02,2316226
2012-12-03,2337720
2012-12-04,2338042
2012-12-05,2365552
2012-12-06,2479628
2012-12-07,3062536
2012-12-08,3043025
2012-12-09,2537209
2012-12-10,2576402
2012-12-11,2555441
2012-12-12,2633647
2012-12-13,2777639
2012-12-14,3329358
2012-12-15,3364955
2012-12-16,2896608
2012-12-17,2872278
2012-12-18,3305190
2012-12-19,5091195
2012-12-20,4680177
2012-12-21,4571560
2012-12-22,4305325
2012-12-23,3684347
2012-12-24,3315439
2012-12-25,3512336
2012-12-26,3464622
2012-12-27,3582426
2012-12-28,3703890
2012-12-29,3714631
2012-12-30,3009723
2012-12-31,3237536
2013-01-01,3556515
2013-01-02,3532752
2013-01-03,3124010
2013-01-04,3462903
2013-01-05,3514212
2013-01-06,3269596
2013-01-07,3250466
2013-01-08,3186339
2013-01-09,3163611
2013-01-10,3274353
2013-01-11,3784645
2013-01-12,3568989
2013-01-13,3090339
2013-01-14,3086994
2013-01-15,3060847
2013-01-16,2757742
2013-01-17,3370351
2013-01-18,3954763
2013-01-19,3938371
2013-01-20,3432142
2013-01-21,3377899
2013-01-22,3401603
2013-01-23,3449330
2013-01-24,3576903
2013-01-25,4168365
2013-01-26,4152817
2013-01-27,3509423
2013-01-28,3434312
2013-01-29,3447485
2013-01-30,3533991
2013-01-31,3019767
2013-02-01,4137923
2013-02-02,4243065
2013-02-03,3474233
2013-02-04,3487033
2013-02-05,3471475
2013-02-06,3504669
2013-02-07,3690624
2013-02-08,4342637
2013-02-09,4299150
2013-02-10,3620974
2013-02-11,3599452
2013-02-12,3583076
2013-02-13,3402822
2013-02-14,3735807
2013-02-15,4471626
2013-02-16,4487219
2013-02-17,3581143
2013-02-18,3651853
2013-02-19,3643701
2013-02-20,3676583
2013-02-21,3989976
2013-02-22,4578086
2013-02-23,4545310
2013-02-24,3646325
2013-02-25,3595135
2013-02-26,3659141
2013-02-27,3683206
2013-02-28,3737481
2013-03-01,4651188
2013-03-02,4633998
2013-03-03,3702622
2013-03-04,3603431
2013-03-05,3640556
2013-03-06,3969736
2013-03-07,4172769
2013-03-08,4765624
2013-03-09,4170222
2013-03-10,3768007
2013-03-11,3658999
2013-03-12,3642805
2013-03-13,3696626
2013-03-14,3864045
2013-03-15,4664582
2013-03-16,4560814
2013-03-17,3696388
2013-03-18,3675737
2013-03-19,3720375
2013-03-20,3838418
2013-03-21,4136027
2013-03-22,4798561
2013-03-23,4920816
2013-03-24,4216202
2013-03-25,4043597
2013-03-26,4086702
2013-03-27,4223325
2013-03-28,4607335
2013-03-29,4786434
2013-03-30,4643917
2013-03-31,3976578
2013-04-01,3708773
2013-04-02,3811374
2013-04-03,3818944
2013-04-04,4046118
2013-04-05,4619107
2013-04-06,4525425
2013-04-07,3835017
2013-04-08,3800937
2013-04-09,3779817
2013-04-10,3880391
2013-04-11,4141470
2013-04-12,4732736
2013-04-13,4634323
2013-04-14,3677083
2013-04-15,3449686
2013-04-16,3692521
2013-04-17,3726382
2013-04-18,3651780
2013-04-19,4245593
2013-04-20,4399705
2013-04-21,3656947
2013-04-22,3591681
2013-04-23,3619545
2013-04-24,3634319
2013-04-25,3821149
2013-04-26,4490403
2013-04-27,4520825
2013-04-28,3787722
2013-04-29,3891396
2013-04-30,4026191
2013-05-01,3966160
2013-05-02,4063953
2013-05-03,4632384
2013-05-04,4540945
2013-05-05,3874587
2013-05-06,3703400
2013-05-07,3934217
2013-05-08,4070926
2013-05-09,4076827
2013-05-10,4805105
2013-05-11,4662569
2013-05-12,3768097
2013-05-13,3833041
2013-05-14,3741147
2013-05-15,3850444
2013-05-16,4006318
2013-05-17,4562672
2013-05-18,4676767
2013-05-19,4123839
2013-05-20,3965198
2013-05-21,3971599
2013-05-22,4196309
2013-05-23,4316361
2013-05-24,4775200
2013-05-25,5048496
2013-05-26,4656099
2013-05-27,4490736
2013-05-28,4538360
2013-05-29,4694245
2013-05-30,4774988
2013-05-31,5103883
2013-06-01,5256516
2013-06-02,4686191
2013-06-03,4640360
2013-06-04,4578762
2013-06-05,4681750
2013-06-06,4677607
2013-06-07,5095237
2013-06-08,5192611
2013-06-09,4733449
2013-06-10,4753911
2013-06-11,4660807
2013-06-12,4714873
2013-06-13,4591147
2013-06-14,4784904
2013-06-15,5021055
2013-06-16,4631679
2013-06-17,4730346
2013-06-18,4644625
2013-06-19,4652996
2013-06-20,4433307
2013-06-21,4978284
2013-06-22,5154309
2013-06-23,4777515
2013-06-24,4587030
2013-06-25,4607865
2013-06-26,4648209
2013-06-27,4550987
2013-06-28,4823897
2013-06-29,5185624
2013-06-30,4789620
2013-07-01,4859837
2013-07-02,4761137
2013-07-03,4372535
2013-07-04,4744658
2013-07-05,5206949
2013-07-06,5366112
2013-07-07,5052019
2013-07-08,5023557
2013-07-09,5009200
2013-07-10,5134201
2013-07-11,4788841
2013-07-12,5293083
2013-07-13,5757740
2013-07-14,5347778
2013-07-15,5055431
2013-07-16,5055622
2013-07-17,4953141
2013-07-18,5280843
2013-07-19,5828768
2013-07-20,6055889
2013-07-21,5631393
2013-07-22,5732142
2013-07-23,4393098
2013-07-24,6159969
2013-07-25,5910632
2013-07-26,6102308
2013-07-27,7038733
2013-07-28,6617022
2013-07-29,6273080
2013-07-30,6441165
2013-07-31,6504022
2013-08-01,6207095
2013-08-02,6263639
2013-08-03,6597749
2013-08-04,6471043
2013-08-05,6488567
2013-08-06,6225430
2013-08-07,6051488
2013-08-08,6094387
2013-08-09,6491047
2013-08-10,6809699
2013-08-11,4997588
2013-08-12,7107218
2013-08-13,6928341
2013-08-14,6907692
2013-08-15,6895218
2013-08-16,7291774
2013-08-17,7402740
2013-08-18,6816324
2013-08-19,6704402
2013-08-20,6701363
2013-08-21,6760032
2013-08-22,6491028
2013-08-23,6619042
2013-08-24,7598417
2013-08-25,6892300
2013-08-26,7012977
2013-08-27,6931964
2013-08-28,7077009
2013-08-29,7396058
2013-08-30,7890988
2013-08-31,7772535
2013-09-01,6652166
2013-09-02,6272368
2013-09-03,6301254
2013-09-04,6438410
2013-09-05,7031128
2013-09-06,8169006
2013-09-07,7971078
2013-09-08,6022177
2013-09-09,6182094
2013-09-10,5703778
2013-09-11,6424614
2013-09-12,7156004
2013-09-13,8342208
2013-09-14,8124144
2013-09-15,6430773
2013-09-16,6309354
2013-09-17,6539346
2013-09-18,6980602
2013-09-19,7347729
2013-09-20,8359850
2013-09-21,7731032
2013-09-22,6094569
2013-09-23,5954850
2013-09-24,6639711
2013-09-25,6729595
2013-09-26,6955600
2013-09-27,8411266
2013-09-28,8019446
2013-09-29,6971231
2013-09-30,6953090
2013-10-01,6874496
2013-10-02,7030052
2013-10-03,7679875
2013-10-04,8521445
2013-10-05,8430492
2013-10-06,7060285
2013-10-07,6564653
2013-10-08,6816218
2013-10-09,6824200
2013-10-10,7398708
2013-10-11,8531764
2013-10-12,8585069
2013-10-13,7475533
2013-10-14,7048225
2013-10-15,6957570
2013-10-16,7089474
2013-10-17,7361155
2013-10-18,9208379
2013-10-19,8707392
2013-10-20,6833056
2013-10-21,7037341
2013-10-22,6923509
2013-10-23,7120511
2013-10-24,7616902
2013-10-25,8344978
2013-10-26,9054195
2013-10-27,7481538
2013-10-28,7244663
2013-10-29,7320663
2013-10-30,7065753
2013-10-31,7757998
2013-11-01,8972623
2013-11-02,9117490
2013-11-03,7658598
2013-11-04,7326517
2013-11-05,7377356
2013-11-06,7568504
2013-11-07,7884477
2013-11-08,9236957
2013-11-09,8906808
2013-11-10,7219817
2013-11-11,7180731
2013-11-12,7145189
2013-11-13,6901549
2013-11-14,9642877
2013-11-15,14972754
2013-11-16,12608776
2013-11-17,9709650
2013-11-18,8973308
2013-11-19,8288963
2013-11-20,8081518
2013-11-21,8477194
2013-11-22,9921186
2013-11-23,9762413
2013-11-24,7792881
2013-11-25,7670415
2013-11-26,7648181
2013-11-27,7105827
2013-11-28,7004956
2013-11-29,8508910
2013-11-30,8647381
2013-12-01,7062659
2013-12-02,6886443
2013-12-03,6838479
2013-12-04,7253977
2013-12-05,7937472
2013-12-06,9323612
2013-12-07,8956054
2013-12-08,7507365
2013-12-09,7292137
2013-12-10,7465002
2013-12-11,7602201
2013-12-12,8084065
2013-12-13,11274422
2013-12-14,12080021
2013-12-15,9515838
2013-12-16,9325925
2013-12-17,8300041
2013-12-18,8383476
2013-12-19,8940843
2013-12-20,10961423
2013-12-21,10609141
2013-12-22,9303568
2013-12-23,9240849
2013-12-24,8081302
2013-12-25,5965714
2013-12-26,9726500
2013-12-27,10429221
2013-12-28,10455943
2013-12-29,10130238
2013-12-30,8979522
2013-12-31,9334942
2014-01-01,10035587
2014-01-02,10000599
2014-01-03,10585690
2014-01-04,10683122
2014-01-05,9770150
2014-01-06,8768362
2014-01-07,9033424
2014-01-08,9035015
2014-01-09,8762212
2014-01-10,10137043
2014-01-11,9910765
2014-01-12,8613498
2014-01-13,8508377
2014-01-14,8378732
2014-01-15,8742542
2014-01-16,9212784
2014-01-17,10120312
2014-01-18,10020953
2014-01-19,9103457
2014-01-20,8616886
2014-01-21,8643504
2014-01-22,9027123
2014-01-23,9200502
2014-01-24,10718391
2014-01-25,10346061
2014-01-26,9250212
2014-01-27,9366036
2014-01-28,9480557
2014-01-29,10595087
2014-01-30,11279111
2014-01-31,11371566
2014-02-01,11487161
2014-02-02,9942883
2014-02-03,9641093
2014-02-04,11140311
2014-02-05,26953105
2014-02-06,10659782
2014-02-07,15862935
2014-02-08,11567169
2014-02-09,9537453
2014-02-10,9514811
2014-02-11,12855795
2014-02-12,9776337
2014-02-13,9956460
2014-02-14,14477465
2014-02-15,13189331
2014-02-16,9509039
2014-02-17,9408765
2014-02-18,10921096
2014-02-19,11179831
2014-02-20,9159024
2014-02-21,10938742
2014-02-22,10567034
2014-02-23,8637024
2014-02-24,8386793
2014-02-25,8700843
2014-02-26,8745929
2014-02-27,9212021
2014-02-28,10924530
2014-03-01,10538862
2014-03-02,8717902
2014-03-03,8590172
2014-03-04,8607526
2014-03-05,8805056
2014-03-06,10054074
2014-03-07,10253319
2014-03-08,10985238
2014-03-09,9166049
2014-03-10,8380004
2014-03-11,8501646
2014-03-12,7941206
2014-03-13,8971128
2014-03-14,10398534
2014-03-15,10352203
2014-03-16,7986090
2014-03-17,8370408
2014-03-18,8357756
2014-03-19,9139018
2014-03-20,10097950
2014-03-21,11292576
2014-03-22,11244952
2014-03-23,9275408
2014-03-24,7956370
2014-03-25,9426834
2014-03-26,9700088
2014-03-27,9634051
2014-03-28,10755359
2014-03-29,10862332
2014-03-30,8998684
2014-03-31,8595392
2014-04-01,8620451
2014-04-02,8665463
2014-04-03,9589107
2014-04-04,11198216
2014-04-05,10929807
2014-04-06,9174076
2014-04-07,8893281
2014-04-08,8768562
2014-04-09,8876128
2014-04-10,9893268
2014-04-11,11312463
2014-04-12,10876085
2014-04-13,8968781
2014-04-14,9022386
2014-04-15,9111737
2014-04-16,9293440
2014-04-17,9986939
2014-04-18,11037461
2014-04-19,10503430
2014-04-20,9505667
2014-04-21,8975855
2014-04-22,9121838
2014-04-23,9231937
2014-04-24,9961674
2014-04-25,10824097
2014-04-26,11042161
2014-04-27,9064852
2014-04-28,8956576
2014-04-29,9174197
2014-04-30,10423907
2014-05-01,10690399
2014-05-02,10654753
2014-05-03,10655296
2014-05-04,8964573
2014-05-05,8906993
2014-05-06,8751219
2014-05-07,9763267
2014-05-08,9801381
2014-05-09,11587595
2014-05-10,12324026
2014-05-11,10272545
2014-05-12,10234494
2014-05-13,9864124
2014-05-14,9978109
2014-05-15,10608092
2014-05-16,12569259
2014-05-17,12604876
2014-05-18,10432609
2014-05-19,10038078
2014-05-20,10206464
2014-05-21,10545854
2014-05-22,11147633
2014-05-23,12195205
2014-05-24,12214014
2014-05-25,10966245
2014-05-26,10529395
2014-05-27,11082659
2014-05-28,11090383
2014-05-29,11513913
2014-05-30,12491070
2014-05-31,13137000
2014-06-01,11505480
2014-06-02,11468876
2014-06-03,11531417
2014-06-04,11133046
2014-06-05,11477927
2014-06-06,12433156
2014-06-07,12510979
2014-06-08,11397457
2014-06-09,11393228
2014-06-10,11305226
2014-06-11,11147614
2014-06-12,11677175
2014-06-13,12495953
2014-06-14,12163689
2014-06-15,10606268
2014-06-16,10862863
2014-06-17,11025267
2014-06-18,10411565
2014-06-19,11391400
2014-06-20,12191379
2014-06-21,11807753
2014-06-22,10613616
2014-06-23,10473375
2014-06-24,10503000
2014-06-25,10207298
2014-06-26,10962119
2014-06-27,11090400
2014-06-28,10867974
2014-06-29,10336595
2014-06-30,10236200
2014-07-01,10605059
2014-07-02,10502096
2014-07-03,10132391
2014-07-04,11406273
2014-07-05,11375946
2014-07-06,10697190
2014-07-07,9224297
2014-07-08,9693474
2014-07-09,9976989
2014-07-10,10388525
2014-07-11,11100944
2014-07-12,11408016
2014-07-13,10549020
2014-07-14,10602329
2014-07-15,10663034
2014-07-16,10064360
2014-07-17,9940346
2014-07-18,10725573
2014-07-19,10867967
2014-07-20,10683664
2014-07-21,11260138
2014-07-22,11146982
2014-07-23,11014117
2014-07-24,11347030
2014-07-25,11723806
2014-07-26,11848988
2014-07-27,11046558
2014-07-28,10966931
2014-07-29,10352491
2014-07-30,10248335
2014-07-31,10859065
2014-08-01,11384318
2014-08-02,11426669
2014-08-03,10612763
2014-08-04,10219996
2014-08-05,10051691
2014-08-06,10403256
2014-08-07,10688203
2014-08-08,11323244
2014-08-09,11152177
2014-08-10,10529473
2014-08-11,10498287
2014-08-12,10330317
2014-08-13,10252863
2014-08-14,9952737
2014-08-15,11309767
2014-08-16,11421520
2014-08-17,10464858
2014-08-18,10218159
2014-08-19,10287681
2014-08-20,10221214
2014-08-21,10756132
2014-08-22,10967264
2014-08-23,11586594
2014-08-24,10472767
2014-08-25,10543598
2014-08-26,10582995
2014-08-27,10572047
2014-08-28,11118299
2014-08-29,11993490
2014-08-30,11495481
2014-08-31,9770978
2014-09-01,9306689
2014-09-02,9303872
2014-09-03,9113370
2014-09-04,9876316
2014-09-05,12198777
2014-09-06,12209011
2014-09-07,10319529
2014-09-08,9669260
2014-09-09,9687635
2014-09-10,9863039
2014-09-11,10561977
2014-09-12,12634907
2014-09-13,12251001
2014-09-14,9835968
2014-09-15,9512338
2014-09-16,9665863
2014-09-17,9878117
2014-09-18,10290832
2014-09-19,12559786
2014-09-20,11863580
2014-09-21,9615970
2014-09-22,9635336
2014-09-23,9557266
2014-09-24,9649910
2014-09-25,9601139
2014-09-26,11437317
2014-09-27,11036488
2014-09-28,9356215
2014-09-29,9598856
2014-09-30,9619166
2014-10-01,9786041
2014-10-02,10491305
2014-10-03,11614654
2014-10-04,11304608
2014-10-05,9932484
2014-10-06,9711724
2014-10-07,9319558
2014-10-08,8774035
2014-10-09,10024711
2014-10-10,11793797
2014-10-11,11494549
2014-10-12,9269658
2014-10-13,9132469
2014-10-14,9005968
2014-10-15,9243478
2014-10-16,10295157
2014-10-17,12028374
2014-10-18,11468284
2014-10-19,8991942
2014-10-20,8852707
2014-10-21,8832528
2014-10-22,8799057
2014-10-23,9710462
2014-10-24,11469765
2014-10-25,11236825
2014-10-26,9362707
2014-10-27,9640798
2014-10-28,9738628
2014-10-29,9970996
2014-10-30,10607857
2014-10-31,12304802
2014-11-01,11719328
2014-11-02,10521947
2014-11-03,10361413
2014-11-04,9950482
2014-11-05,10158400
2014-11-06,11270202
2014-11-07,12686174
2014-11-08,11784653
2014-11-09,9433815
2014-11-10,9559583
2014-11-11,9275376
2014-11-12,9330488
2014-11-13,10210207
2014-11-14,12141366
2014-11-15,11355131
2014-11-16,9141572
2014-11-17,9161942
2014-11-18,9341850
2014-11-19,9484848
2014-11-20,11516198
2014-11-21,13984924
2014-11-22,13755529
2014-11-23,11318512
2014-11-24,10848117
2014-11-25,11064906
2014-11-26,11127127
2014-11-27,12127049
2014-11-28,13700740
2014-11-29,12977069
2014-11-30,10385727
2014-12-01,10568275
2014-12-02,10396723
2014-12-03,10586015
2014-12-04,11335238
2014-12-05,13323236
2014-12-06,12503229
2014-12-07,10125679
2014-12-08,9705771
2014-12-09,9470824
2014-12-10,9636755
2014-12-11,10589289
2014-12-12,12304373
2014-12-13,11575885
2014-12-14,9767849
2014-12-15,9612893
2014-12-16,9865462
2014-12-17,9305460
2014-12-18,10660515
2014-12-19,11961968
2014-12-20,11739469
2014-12-21,10266253
2014-12-22,10297948
2014-12-23,10001989
2014-12-24,10184722
2014-12-25,11350455
2014-12-26,12358615
2014-12-27,12171386
2014-12-28,11409618
2014-12-29,11566906
2014-12-30,10532612
2014-12-31,11177068
2015-01-01,12352368
2015-01-02,12569877
2015-01-03,11678526
2015-01-04,10143513
2015-01-05,11265450
2015-01-06,11262467
2015-01-07,11354200
2015-01-08,11745856
2015-01-09,12548073
2015-01-10,11497626
2015-01-11,10231448
2015-01-12,10009658
2015-01-13,10050010
2015-01-14,10067864
2015-01-15,11238858
2015-01-16,12694729
2015-01-17,11896904
2015-01-18,10393688
2015-01-19,10159307
2015-01-20,10269786
2015-01-21,10524168
2015-01-22,11470265
2015-01-23,12882754
2015-01-24,12482505
2015-01-25,10457805
2015-01-26,10432289
2015-01-27,10369739
2015-01-28,10291025
2015-01-29,11172900
2015-01-30,12597546
2015-01-31,12244690
2015-02-01,10424415
2015-02-02,10686598
2015-02-03,10088667
2015-02-04,10366596
2015-02-05,11058529
2015-02-06,12469389
2015-02-07,12232904
2015-02-08,10610437
2015-02-09,10809112
2015-02-10,10823913
2015-02-11,10893352
2015-02-12,13117329
2015-02-13,14002959
2015-02-14,14922980
2015-02-15,14181621
2015-02-16,13778919
2015-02-17,13245710
2015-02-18,13677507
2015-02-19,13902024
2015-02-20,14989317
2015-02-21,14431986
2015-02-22,13272179
2015-02-23,12521721
2015-02-24,11539592
2015-02-25,12270665
2015-02-26,12988873
2015-02-27,14495805
2015-02-28,13953031
2015-03-01,11720473
2015-03-02,10224766
2015-03-03,10233599
2015-03-04,10889701
2015-03-05,11899479
2015-03-06,13700104
2015-03-07,13250965
2015-03-08,11454634
2015-03-09,10398694
2015-03-10,10095849
2015-03-11,10393201
2015-03-12,11691880
2015-03-13,13499935
2015-03-14,12786627
2015-03-15,10445343
2015-03-16,10473234
2015-03-17,10560212
2015-03-18,10625948
2015-03-19,11915269
2015-03-20,13327723
2015-03-21,13120748
2015-03-22,11720148
2015-03-23,11550078
2015-03-24,11231870
2015-03-25,11456519
2015-03-26,12296218
2015-03-27,13464801
2015-03-28,13104561
2015-03-29,11013834
2015-03-30,10805676
2015-03-31,10680269
2015-04-01,11027157
2015-04-02,11692248
2015-04-03,12911825
2015-04-04,12587739
2015-04-05,11055938
2015-04-06,9939165
2015-04-07,10274375
2015-04-08,10249463
2015-04-09,11218083
2015-04-10,12492951
2015-04-11,11785040
2015-04-12,9753005
2015-04-13,9580899
2015-04-14,9539182
2015-04-15,9581419
2015-04-16,10679893
2015-04-17,12505817
2015-04-18,11879037
2015-04-19,9897156
2015-04-20,9702368
2015-04-21,9732825
2015-04-22,9789786
2015-04-23,10377620
2015-04-24,11974395
2015-04-25,11538576
2015-04-26,9586049
2015-04-27,9675609
2015-04-28,9888689
2015-04-29,11057481
2015-04-30,12409684
2015-05-01,13449399
2015-05-02,13293068
2015-05-03,11525353
2015-05-04,10440341
2015-05-05,10478783
2015-05-06,10315457
2015-05-07,12190516
2015-05-08,13033424
2015-05-09,12692883
2015-05-10,11184988
2015-05-11,10311232
2015-05-12,10516972
2015-05-13,10612245
2015-05-14,11914547
2015-05-15,13866434
2015-05-16,13216496
2015-05-17,10696934
2015-05-18,10608432
2015-05-19,10528471
2015-05-20,10616303
2015-05-21,11312430
2015-05-22,12746702
2015-05-23,12745633
2015-05-24,10516869
2015-05-25,10503578
2015-05-26,10781423
2015-05-27,11003855
2015-05-28,11616009
2015-05-29,13080422
2015-05-30,12844928
2015-05-31,11241867
2015-06-01,11592981
2015-06-02,11126677
2015-06-03,11259011
2015-06-04,11708305
2015-06-05,12687416
2015-06-06,12500744
2015-06-07,11235411
2015-06-08,11176349
2015-06-09,10823769
2015-06-10,11216744
2015-06-11,11393885
2015-06-12,12200351
2015-06-13,11547321
2015-06-14,10248323
2015-06-15,11079835
2015-06-16,10922378
2015-06-17,9146649
2015-06-18,10409872
2015-06-19,11730303
2015-06-20,11799525
2015-06-21,11003479
2015-06-22,10624053
2015-06-23,10451475
2015-06-24,10327100
2015-06-25,10825656
2015-06-26,11881621
2015-06-27,11915054
2015-06-28,10771466
2015-06-29,10527279
2015-06-30,10255874
2015-07-01,10404126
2015-07-02,10591008
2015-07-03,11708934
2015-07-04,11510505
2015-07-05,10387572
2015-07-06,9983296
2015-07-07,10543638
2015-07-08,10539561
2015-07-09,10846467
2015-07-10,11272493
2015-07-11,11942219
2015-07-12,10767713
2015-07-13,10653484
2015-07-14,10623304
2015-07-15,10837582
2015-07-16,10574265
2015-07-17,11210787
2015-07-18,11547466
2015-07-19,10721093
2015-07-20,9632626
2015-07-21,10637023
2015-07-22,10690370
2015-07-23,10548839
2015-07-24,11590651
2015-07-25,11196188
2015-07-26,9799819
2015-07-27,10110709
2015-07-28,8201524
2015-07-29,10762496
2015-07-30,11253625
2015-07-31,12106358
2015-08-01,12106106
2015-08-02,10442232
2015-08-03,10221257
2015-08-04,10529691
2015-08-05,10726087
2015-08-06,11351365
2015-08-07,12231591
2015-08-08,12629382
2015-08-09,11816802
2015-08-10,11587051
2015-08-11,11546360
2015-08-12,11197066
2015-08-13,11418841
2015-08-14,12798807
2015-08-15,12790638
2015-08-16,11531080
2015-08-17,11439461
2015-08-18,11057630
2015-08-19,11295630
2015-08-20,11793159
2015-08-21,12783445
2015-08-22,11582275
2015-08-23,11260350
2015-08-24,10750553
2015-08-25,11047434
2015-08-26,11142207
2015-08-27,11711953
2015-08-28,12942296
2015-08-29,12800860
2015-08-30,11093747
2015-08-31,10196233
2015-09-01,7585553
2015-09-02,9439521
2015-09-03,9822196
2015-09-04,11413338
2015-09-05,10842126
2015-09-06,9247834
2015-09-07,9210240
2015-09-08,7889793
2015-09-09,7671078
2015-09-10,8511364
2015-09-11,9790773
2015-09-12,9794436
2015-09-13,8289961
2015-09-14,8256509
2015-09-15,7623699
2015-09-16,7930783
2015-09-17,8872957
2015-09-18,9635550
2015-09-19,7267456
2015-09-20,8169653
2015-09-21,8391554
2015-09-22,7956319
2015-09-23,8891197
2015-09-24,9181633
2015-09-25,10745227
2015-09-26,10361154
2015-09-27,8724301
2015-09-28,8735100
2015-09-29,8814702
2015-09-30,9193115
2015-10-01,9918624
2015-10-02,9481393
2015-10-03,10360107
2015-10-04,8325909
2015-10-05,9159566
2015-10-06,9131180
2015-10-07,8845054
2015-10-08,9202306
2015-10-09,10385803
2015-10-10,10401036
2015-10-11,8780954
2015-10-12,8677215
2015-10-13,9134821
2015-10-14,9020989
2015-10-15,9586886
2015-10-16,10973151
2015-10-17,10790722
2015-10-18,8922310
2015-10-19,8960113
2015-10-20,8750403
2015-10-21,9255621
2015-10-22,10064085
2015-10-23,11740592
2015-10-24,11410120
2015-10-25,9340827
2015-10-26,9301400
2015-10-27,9433578
2015-10-28,8973611
2015-10-29,9104209
2015-10-30,11206464
2015-10-31,10633233
2015-11-01,9769582
2015-11-02,9598457
2015-11-03,9549367
2015-11-04,9675396
2015-11-05,10333564
2015-11-06,12242369
2015-11-07,11537028
2015-11-08,9533898
2015-11-09,9291986
2015-11-10,9199859
2015-11-11,9261999
2015-11-12,8813022
2015-11-13,11500743
2015-11-14,11692058
2015-11-15,9198637
2015-11-16,9205839
2015-11-17,9427873
2015-11-18,9750154
2015-11-19,10553949
2015-11-20,12139323
2015-11-21,12383034
2015-11-22,9969863
2015-11-23,10012157
2015-11-24,9745977
2015-11-25,9864317
2015-11-26,10873096
2015-11-27,12405380
2015-11-28,11769485
2015-11-29,9722604
2015-11-30,9432150
2015-12-01,9587460
2015-12-02,9845667
2015-12-03,10823473
2015-12-04,12330441
2015-12-05,11993018
2015-12-06,9951961
2015-12-07,10281176
2015-12-08,9916758
2015-12-09,10102194
2015-12-10,10766763
2015-12-11,12553956
2015-12-12,11892293
2015-12-13,10201894
2015-12-14,10260474
2015-12-15,10296815
2015-12-16,10061043
2015-12-17,11489067
2015-12-18,12863934
2015-12-19,12373248
2015-12-20,10828218
2015-12-21,10786319
2015-12-22,10796144
2015-12-23,10679479
2015-12-24,10948353
2015-12-25,12527717
2015-12-26,12282440
2015-12-27,11491266
2015-12-28,11631788
2015-12-29,11911030
2015-12-30,10852427
2015-12-31,11918009
2016-01-01,13081965
2016-01-02,12576857
2016-01-03,11689135
2016-01-04,11706589
2016-01-05,11310122
2016-01-06,11484534
2016-01-07,12227941
2016-01-08,13457653
2016-01-09,12743813
2016-01-10,10910892
2016-01-11,10779622
2016-01-12,10482448
2016-01-13,10771841
2016-01-14,11643716
2016-01-15,13295482
2016-01-16,12699205
2016-01-17,11100845
2016-01-18,10803382
2016-01-19,10830875
2016-01-20,10944509
2016-01-21,11879087
2016-01-22,13468426
2016-01-23,12639847
2016-01-24,10800700
2016-01-25,11032644
2016-01-26,10457084
2016-01-27,10822736
2016-01-28,12680466
2016-01-29,14109065
2016-01-30,13783272
2016-01-31,12354311
2016-02-01,12080659
2016-02-02,12272798
2016-02-03,12199118
2016-02-04,12999666
2016-02-05,14192181
2016-02-06,13044424
2016-02-07,12230902
2016-02-08,11771429
2016-02-09,11655069
2016-02-10,11909711
2016-02-11,12449514
2016-02-12,13884705
2016-02-13,13047396
2016-02-14,11653345
2016-02-15,11244775
2016-02-16,11714844
2016-02-17,10605325
2016-02-18,12555750
2016-02-19,13951946
2016-02-20,13848375
2016-02-21,12511101
2016-02-22,12013486
2016-02-23,10705338
2016-02-24,10862011
2016-02-25,11829602
2016-02-26,13884715
2016-02-27,13370904
2016-02-28,11096853
2016-02-29,11023559
2016-03-01,10573536
2016-03-02,10930423
2016-03-03,12108979
2016-03-04,14220875
2016-03-05,13610591
2016-03-06,12632133
2016-03-07,12069442
2016-03-08,11218094
2016-03-09,11072719
2016-03-10,12414043
2016-03-11,14284019
2016-03-12,13409889
2016-03-13,11082120
2016-03-14,10786630
2016-03-15,10848005
2016-03-16,11195353
2016-03-17,12242602
2016-03-18,13857665
2016-03-19,13164695
2016-03-20,11371312
2016-03-21,11325875
2016-03-22,11551221
2016-03-23,11583317
2016-03-24,10938063
2016-03-25,13236278
2016-03-26,12871655
2016-03-27,11309805
2016-03-28,10880556
2016-03-29,10740543
2016-03-30,10631330
2016-03-31,11610341
2016-04-01,13220974
2016-04-02,12597993
2016-04-03,10946058
2016-04-04,10144955
2016-04-05,10341999
2016-04-06,10419986
2016-04-07,11383413
2016-04-08,12998269
2016-04-09,12505619
2016-04-10,10392261
2016-04-11,10144838
2016-04-12,9976523
2016-04-13,9964209
2016-04-14,10987273
2016-04-15,12607248
2016-04-16,11986640
2016-04-17,10214888
2016-04-18,10065746
2016-04-19,10257036
2016-04-20,10444768
2016-04-21,11337308
2016-04-22,12651974
2016-04-23,11669321
